等级,本级所需经验,累计经验
1,0,0
2,98,98
3,293,391
4,488,879
5,683,1562
6,879,2441
7,1075,3516
8,1269,4785
9,1465,6250
10,1660,7910
11,1856,9766
12,2050,11816
13,2246,14062
14,2442,16504
15,2637,19141
16,2832,21973
17,3027,25000
18,3223,28223
19,3418,31641
20,3613,35254
21,3808,39062
22,4004,43066
23,4200,47266
24,4394,51660
25,4590,56250
26,4785,61035
27,4981,66016
28,5175,71191
29,5371,76562
30,5567,82129
31,5762,87891
32,5957,93848
33,6152,100000
34,6348,106348
35,6543,112891
36,6738,119629
37,6933,126562
38,7129,133691
39,7325,141016
40,7519,148535

模型说明,累计经验 = round(97.65625 * (L-1)^2)，锚点：10万经验=1级升到33级
模型B备选,每级所需 = 800 + 150*(L-1)，33级累计100000
模型C备选,累计经验 = round(3.0518 * (L-1)^3)，33级累计100000
